01_the-fool	R:64.0:79.0
02_the-chariot	R:104.0:111.5	M:824:829	M:443:447.5
03_strength	R:139.0:147.0	R:148.0:151.8	M:883:892
04_the-tower	R:155.0:165.5	M:116:131
05_death	R:191.0:199.0	M:977:982.5
06_wheel-of-fortune	R:211.8:216.0	M:1092:1099
07_temperance	R:300.0:309.0	E:6:13
08_the-lovers	R:226.0:234.3	R:238.0:241.0	M:461:471
09_the-devil	R:247.0:257.5	M:133:160
10_the-magician	R:283.0:292.0	M:1213.5:1218.5
11_the-moon	R:322.0:349.0	M:606:619.5	M:283.5:289.0
12_the-sun	R:360.0:371.5	M:497:509
13_justice	R:269.0:277.8	B:23:32
